{
  "scenario": "A",
  "time_utc": "2026-02-05T18:44:29",
  "dataset": "data/kaggle/PeopleCountingDataSet",
  "kaggle": "peoplecounting",
  "network": {
    "loss": 0.0,
    "delay_ms": 0.0,
    "jitter_ms": 0.0
  },
  "theta": 0.5,
  "metrics": {
    "n_sent": 50,
    "n_ok": 50,
    "reliability": 1.0,
    "p50_ms": 19.173208500433248,
    "p95_ms": 28.638243599561974,
    "mean_ms": 20.13671661996341
  }
}