{
  "scenario": "A",
  "time_utc": "2026-02-05T17:49:32",
  "dataset": "data/kaggle/PeopleCountingDataSet",
  "kaggle": "peoplecounting",
  "network": {
    "loss": 0.0,
    "delay_ms": 0.0,
    "jitter_ms": 0.0
  },
  "theta": 0.5,
  "metrics": {
    "n_sent": 50,
    "n_ok": 50,
    "reliability": 1.0,
    "p50_ms": 19.30629200023759,
    "p95_ms": 33.49546875015221,
    "mean_ms": 22.354360919980536
  }
}