{
  "scenario": "A",
  "time_utc": "2026-02-04T22:22:40",
  "dataset": "data/kaggle/PeopleCountingDataSet",
  "kaggle": "peoplecounting",
  "network": {
    "loss": 0.0,
    "delay_ms": 0.0,
    "jitter_ms": 0.0
  },
  "theta": 0.5,
  "metrics": {
    "n_sent": 50,
    "n_ok": 50,
    "reliability": 1.0,
    "p50_ms": 19.03212500110385,
    "p95_ms": 21.725100000912786,
    "mean_ms": 19.747449200076517
  }
}