{
  "scenario": "A",
  "time_utc": "2026-02-05T19:09:46",
  "dataset": "data/kaggle/PeopleCountingDataSet",
  "kaggle": "peoplecounting",
  "network": {
    "loss": 0.0,
    "delay_ms": 0.0,
    "jitter_ms": 0.0
  },
  "theta": 0.5,
  "metrics": {
    "n_sent": 50,
    "n_ok": 50,
    "reliability": 1.0,
    "p50_ms": 18.500666500585794,
    "p95_ms": 21.766920649770327,
    "mean_ms": 19.002734079913353
  }
}