{
  "scenario": "A",
  "time_utc": "2026-02-05T17:57:14",
  "dataset": "data/kaggle/PeopleCountingDataSet",
  "kaggle": "peoplecounting",
  "network": {
    "loss": 0.0,
    "delay_ms": 0.0,
    "jitter_ms": 0.0
  },
  "theta": 0.5,
  "metrics": {
    "n_sent": 50,
    "n_ok": 50,
    "reliability": 1.0,
    "p50_ms": 18.847625000034895,
    "p95_ms": 33.73831480030275,
    "mean_ms": 20.395777419980732
  }
}