{
  "scenario": "A",
  "time_utc": "2026-02-04T22:22:15",
  "dataset": "data/kaggle/PeopleCountingDataSet",
  "kaggle": "peoplecounting",
  "network": {
    "loss": 0.0,
    "delay_ms": 0.0,
    "jitter_ms": 0.0
  },
  "theta": 0.5,
  "metrics": {
    "n_sent": 50,
    "n_ok": 50,
    "reliability": 1.0,
    "p50_ms": 19.34591650024231,
    "p95_ms": 21.190618901709968,
    "mean_ms": 20.26999587986211
  }
}