{
  "scenario": "B",
  "time_utc": "2026-02-04T22:07:59",
  "dataset": "data/kaggle/archive (3)",
  "kaggle": "floodnet",
  "network": {
    "loss": 0.15,
    "delay_ms": 120.0,
    "jitter_ms": 80.0
  },
  "theta": 0.5,
  "metrics": {
    "n_sent": 50,
    "n_ok": 33,
    "reliability": 0.66,
    "p50_ms": 458.78199999788194,
    "p95_ms": 590.1875169991399,
    "mean_ms": 463.95596493940417
  }
}