{
  "scenario": "A",
  "time_utc": "2026-02-04T22:06:17",
  "dataset": "data/kaggle/PeopleCountingDataSet",
  "kaggle": "peoplecounting",
  "network": {
    "loss": 0.0,
    "delay_ms": 0.0,
    "jitter_ms": 0.0
  },
  "theta": 0.5,
  "metrics": {
    "n_sent": 50,
    "n_ok": 50,
    "reliability": 1.0,
    "p50_ms": 18.87154199903307,
    "p95_ms": 20.993587800694513,
    "mean_ms": 19.222714999705204
  }
}