{
  "scenario": "A",
  "time_utc": "2026-02-05T18:42:52",
  "dataset": "data/kaggle/PeopleCountingDataSet",
  "kaggle": "peoplecounting",
  "network": {
    "loss": 0.0,
    "delay_ms": 0.0,
    "jitter_ms": 0.0
  },
  "theta": 0.5,
  "metrics": {
    "n_sent": 50,
    "n_ok": 50,
    "reliability": 1.0,
    "p50_ms": 18.899729499025852,
    "p95_ms": 25.942764849696673,
    "mean_ms": 20.535715879959753
  }
}