{
  "scenario": "A",
  "time_utc": "2026-02-05T17:10:07",
  "dataset": "data/kaggle/PeopleCountingDataSet",
  "kaggle": "peoplecounting",
  "network": {
    "loss": 0.0,
    "delay_ms": 0.0,
    "jitter_ms": 0.0
  },
  "theta": 0.5,
  "metrics": {
    "n_sent": 50,
    "n_ok": 50,
    "reliability": 1.0,
    "p50_ms": 19.598187999918082,
    "p95_ms": 24.062046649987675,
    "mean_ms": 20.739264320000075
  }
}