{
  "scenario": "A",
  "time_utc": "2026-02-04T20:16:45",
  "network": {
    "loss": 0.0,
    "delay_ms": 0.0,
    "jitter_ms": 0.0
  },
  "theta": 0.5,
  "metrics": {
    "n_sent": 50,
    "n_ok": 50,
    "reliability": 1.0,
    "p50_ms": 18.330790999243618,
    "p95_ms": 20.405474849667367,
    "mean_ms": 19.736839139804943
  }
}