{
  "scenario": "B",
  "time_utc": "2026-02-04T22:22:28",
  "dataset": "data/kaggle/Fire-Flood-Smoke-Landslide",
  "kaggle": "fire",
  "network": {
    "loss": 0.2,
    "delay_ms": 150.0,
    "jitter_ms": 80.0
  },
  "theta": 0.5,
  "metrics": {
    "n_sent": 50,
    "n_ok": 26,
    "reliability": 0.52,
    "p50_ms": 378.0157709988998,
    "p95_ms": 521.2529269992956,
    "mean_ms": 374.7435593461257
  }
}