{
  "scenario": "B",
  "time_utc": "2026-02-04T20:17:17",
  "network": {
    "loss": 0.2,
    "delay_ms": 150.0,
    "jitter_ms": 80.0
  },
  "theta": 0.5,
  "metrics": {
    "n_sent": 50,
    "n_ok": 35,
    "reliability": 0.7,
    "p50_ms": 374.44166699970083,
    "p95_ms": 453.05891630014224,
    "mean_ms": 358.86917514305554
  }
}