{
  "scenario": "A",
  "time_utc": "2026-02-04T22:18:24",
  "dataset": "data/kaggle/PeopleCountingDataSet",
  "kaggle": "peoplecounting",
  "network": {
    "loss": 0.0,
    "delay_ms": 0.0,
    "jitter_ms": 0.0
  },
  "theta": 0.5,
  "metrics": {
    "n_sent": 50,
    "n_ok": 50,
    "reliability": 1.0,
    "p50_ms": 19.423166499109357,
    "p95_ms": 25.393291548971312,
    "mean_ms": 20.85704999997688
  }
}