{
  "scenario": "A",
  "time_utc": "2026-02-05T17:19:34",
  "dataset": "data/kaggle/PeopleCountingDataSet",
  "kaggle": "peoplecounting",
  "network": {
    "loss": 0.0,
    "delay_ms": 0.0,
    "jitter_ms": 0.0
  },
  "theta": 0.5,
  "metrics": {
    "n_sent": 50,
    "n_ok": 50,
    "reliability": 1.0,
    "p50_ms": 18.710583000029146,
    "p95_ms": 21.53666220033301,
    "mean_ms": 19.661962579993997
  }
}